name,manager,url
GARKALNES PATRIOTI (GRK),Sandris Kļaviņš,https://ehl.entuziasti.com/komandas/garkalnes-patrioti/328
ICE WOLVES (WF2),Kristians Drelings,https://ehl.entuziasti.com/komandas/ice-wolves/232
VIDZEMES VILKI (VLV),Reinis Zavadskis,https://ehl.entuziasti.com/komandas/vidzemes-vilki/482
LEDUS VEČI III (LV3),Egils Štāls,https://ehl.entuziasti.com/komandas/ledus-veci-iii/527
OGRES LEDUS BRĀĻI II (OL2),Kristaps Legzdiņš,https://ehl.entuziasti.com/komandas/ogres-ledus-brali-ii/373
iTRADE II (IT2),Jānis Ušča,https://ehl.entuziasti.com/komandas/itrade-ii/542
VALMIERA (VLM),Markuss Žukovskis,https://ehl.entuziasti.com/komandas/valmiera/487
ICE WOLVES II (WF2),Kristians Drelings,https://ehl.entuziasti.com/komandas/ice-wolves-ii/195
MARELS BŪVE II (MB2),Māris Apelis,https://ehl.entuziasti.com/komandas/marels-buve-ii/447
WHITE WINGS (WTW),Valērijs Ivasenko,https://ehl.entuziasti.com/komandas/white-wings/405
IGATE (IGT),Kārlis Vītols,https://ehl.entuziasti.com/komandas/igate/491
VELLA KALPI (VKA),Kaspars Burkits,https://ehl.entuziasti.com/komandas/vella-kalpi/382
BLACK MAGIC III (BM3),Raivis Ņekrasovs,https://ehl.entuziasti.com/komandas/black-magic-iii/437
MAMMOTHS II (MT2),Jānis Valters,https://ehl.entuziasti.com/komandas/mammoths-ii/291
ŪSIŅŠ JR (USJ),Toms Muižnieks,https://ehl.entuziasti.com/komandas/usins-jr/546
ĶEKAVA GRINDERS (KEG),Matīss Ribkinskis,https://ehl.entuziasti.com/komandas/kekava-grinders/471
PINKEY BLINDERS II (PB2),Rinalds Zeps,https://ehl.entuziasti.com/komandas/pinkey-blinders-ii/513
VIKOTRANS (VKT),Artūrs Klimkāns,https://ehl.entuziasti.com/komandas/vikotrans/473
WILDCATS MĀRUPE (MRP),Artūrs Šteinbergs,https://ehl.entuziasti.com/komandas/wildcats-marupe/240
L&L X (LLX),Laima Elizabete Lukašēviča,https://ehl.entuziasti.com/komandas/ll-x/481
VIKINGI X (VGX),Jānis Freimanis,https://ehl.entuziasti.com/komandas/vikingi-x/526
SPARTA (SPR),Vasīlijs Belogubovs,https://ehl.entuziasti.com/komandas/sparta/459
LAS ESTRELLAS (LAS),Armands Prāvs,https://ehl.entuziasti.com/komandas/las-estrellas/484
OGRE CAPITALS (OCP),Igors Zadvornovs,https://ehl.entuziasti.com/komandas/ogre-capitals/516
OILERIS (OLR),Mārtiņš Valdmanis,https://ehl.entuziasti.com/komandas/oileris/350
VERVO (VRV),Jānis Zariņš,https://ehl.entuziasti.com/komandas/vervo/492
BRIEDIS (BRD),Edijs Briedis,https://ehl.entuziasti.com/komandas/briedis/250
MEGO II (MG2),Kaspars Abuls,https://ehl.entuziasti.com/komandas/mego-ii/444
OZO OGRE (OZG),Artis Kalniņš,https://ehl.entuziasti.com/komandas/ozo-ogre/514
CIRKS UZ LEDUS (CRK),Edgars Feldmanis,https://ehl.entuziasti.com/komandas/cirks-uz-ledus/351
VAIROGS (VRG),Olegs Požilenko,https://ehl.entuziasti.com/komandas/vairogs/376
VIKINGI III (VN3),Jānis Freimanis,https://ehl.entuziasti.com/komandas/vikingi-iii/490
MEŽOŅI II (MZ2),Rolands Zariņš,https://ehl.entuziasti.com/komandas/mezoni-ii/500
ROTAS/MELIORCELTNIEKS II (RT2),Laura Spalviņa,https://ehl.entuziasti.com/komandas/rotasmeliorceltnieks-ii/445
HAOSS (HAS),Jānis Zablockis,https://ehl.entuziasti.com/komandas/haoss/295
ROTAS / MELIORCELTNIEKS (RTS),Laura Spalviņa,https://ehl.entuziasti.com/komandas/rotas-meliorceltnieks/325
MOLTTO (MTO),Kristaps Zālītis,https://ehl.entuziasti.com/komandas/moltto/451
KALNIEŠI (KLN),Krišjānis Ziediņš,https://ehl.entuziasti.com/komandas/kalniesi/497
MEGO (MGO),Kaspars Abuls,https://ehl.entuziasti.com/komandas/mego/436
DASP (DAS),Aivars Vilnis,https://ehl.entuziasti.com/komandas/dasp/483
LEDUS VEČI II (LV2),Egils Štāls,https://ehl.entuziasti.com/komandas/ledus-veci-ii/334
TUKUMA BRĀĻI II (TB2),Māris Karstais,https://ehl.entuziasti.com/komandas/tukuma-brali-ii/480
ZEMESSARDZE (ZS),Edmunds Bērziņš,https://ehl.entuziasti.com/komandas/zemessardze/537
PRODUS / BLACK MAGIC (BMK),Raivis Ņekrasovs,https://ehl.entuziasti.com/komandas/produs-black-magic/426
TĒRVETE (TRV),Kristers Stankevičs,https://ehl.entuziasti.com/komandas/tervete/400
IECAVA/MAMMOTHS (MTH),Andris Štībelis,https://ehl.entuziasti.com/komandas/iecavamammoths/163
MEŽOŅI (MZO),Rolands Zariņš,https://ehl.entuziasti.com/komandas/mezoni/361
LEDUS VEČI (LDV),Toms Tumānovs,https://ehl.entuziasti.com/komandas/ledus-veci/293
PATRIOTI (PTR),Ēriks Liflands,https://ehl.entuziasti.com/komandas/patrioti/337
ROTAS / MELIORCELTNIEKS III (RT3),Laura Spalviņa,https://ehl.entuziasti.com/komandas/rotas-meliorceltnieks-iii/494
PINGVĪNI Y (PNY),Arnolds Seržants,https://ehl.entuziasti.com/komandas/pingvini-y/502
PINKEY BLINDERS (PNB),Rinalds Zeps,https://ehl.entuziasti.com/komandas/pinkey-blinders/476
SADOLIN (SDN),Ints Zeltiņš,https://ehl.entuziasti.com/komandas/sadolin/517
RSU (RSU),Reinis Rugājs,https://ehl.entuziasti.com/komandas/rsu/389
RUPUČI (RPC),Kaspars Freimanis,https://ehl.entuziasti.com/komandas/rupuci/218
3S (3S),Pēteris Alksnis,https://ehl.entuziasti.com/komandas/3s/524
3S II (3S2),Pēteris Alksnis,https://ehl.entuziasti.com/komandas/3s-ii/538
ADVOCATE ATHLETE (ADV),Kristaps Bazevičs,https://ehl.entuziasti.com/komandas/advocate-athlete/521
AGP (AGP),Andrejs Grikovs,https://ehl.entuziasti.com/komandas/agp/287
APARĀTI (APR),Regnārs Kits,https://ehl.entuziasti.com/komandas/aparati/469
BLACK MAGIC II (BM2),Raivis Ņekrasovs,https://ehl.entuziasti.com/komandas/black-magic-ii/493
BLACK MAGIC IV (BM4),Raivis Ņekrasovs,https://ehl.entuziasti.com/komandas/black-magic-iv/547
BLACKOUT (BLC),Ilmārs Zausajevs,https://ehl.entuziasti.com/komandas/blackout/204
BTA/URIEKSTES PINGVĪNI (UPG),Guntis Banders,https://ehl.entuziasti.com/komandas/btauriekstes-pingvini/345
CIRKS UZ LEDUS III (CR3),Edgars Feldmanis,https://ehl.entuziasti.com/komandas/cirks-uz-ledus-iii/535
COOKED (CKD),Rūdolfs Kažoks,https://ehl.entuziasti.com/komandas/cooked/498
CP (CP),Jānis Parādnieks,https://ehl.entuziasti.com/komandas/cp/548
DAUGAVAS SHARKS (DGS),Mārtiņš Roze,https://ehl.entuziasti.com/komandas/daugavas-sharks/532
DIŽOZOLI (DOZ),Nikolajs Lebedevs,https://ehl.entuziasti.com/komandas/dizozoli/530
FROZEN (FRZ),Ilze Apeltone-Skarnele,https://ehl.entuziasti.com/komandas/frozen/342
GARKALNES PATRIOTI II (GP2),Sandris Kļaviņš,https://ehl.entuziasti.com/komandas/garkalnes-patrioti-ii/454
GUFFONI (GFN),Ralfs Frišfelds Āgaris,https://ehl.entuziasti.com/komandas/guffoni/379
HAOSS II (HA2),Jānis Zablockis,https://ehl.entuziasti.com/komandas/haoss-ii/511
HOKEJA PASAULE (HKP),Juris Saliņš,https://ehl.entuziasti.com/komandas/hokeja-pasaule/422
HULIGAN (HLG),Rihards Krauklis,https://ehl.entuziasti.com/komandas/huligan/185
ICE WOLVES / CLUBZONE.LV (WF3),Kristians Drelings,https://ehl.entuziasti.com/komandas/ice-wolves-clubzone-lv/415
iTRADE (ITR),Jānis Ušča,https://ehl.entuziasti.com/komandas/itrade/479
JŪRMALA (JUR),Jānis Millers,https://ehl.entuziasti.com/komandas/jurmala/121
KRAUZERS/TALSI (KRZ),Mārtiņš Zaļupe,https://ehl.entuziasti.com/komandas/krauzerstalsi/458
ĶEKAVA BUZZERS (KEX),Matīss Ribkinskis,https://ehl.entuziasti.com/komandas/kekava-buzzers/529
ĶEKAVA RINGERS (KEB),Matīss Ribkinskis,https://ehl.entuziasti.com/komandas/kekava-ringers/508
ĶEKAVA VALNES (KEK),Matīss Ribkinskis,https://ehl.entuziasti.com/komandas/kekava-valnes/449
LAVĪNA (LAV),Aleksandrs Ručkovksis,https://ehl.entuziasti.com/komandas/lavina/203
LAVĪNA II (LA2),Aleksandrs Ručkovksis,https://ehl.entuziasti.com/komandas/lavina-ii/512
LEĢENDAS (PLG),Toms Paipals,https://ehl.entuziasti.com/komandas/legendas/384
LEĢENDAS V (PL2),Toms Paipals,https://ehl.entuziasti.com/komandas/legendas-v/453
LEĢENDAS X (PLX),Toms Paipals,https://ehl.entuziasti.com/komandas/legendas-x/395
LIELUPE (LLP),Edgars Civjans/ Jānis Āboltiņš,https://ehl.entuziasti.com/komandas/lielupe/446
LIELUPE ROOKIES (LLR),Edgars Civjans/ Jānis Āboltiņš,https://ehl.entuziasti.com/komandas/lielupe-rookies/478
L&L LK (LLL),Laima Elizabete Lukašēviča,https://ehl.entuziasti.com/komandas/ll-lk/407
L&L START (LLS),Laima Elizabete Lukašēviča,https://ehl.entuziasti.com/komandas/ll-start/440
L&L STRAUME (LST),Laima Elizabete Lukašēviča,https://ehl.entuziasti.com/komandas/ll-straume/509
MAD DOGS (MDG),Maksims Zeļenskis,https://ehl.entuziasti.com/komandas/mad-dogs/390
MARELS BŪVE (MBV),Māris Apelis,https://ehl.entuziasti.com/komandas/marels-buve/116
MARELS BŪVE III (MB3),Māris Apelis,https://ehl.entuziasti.com/komandas/marels-buve-iii/541
MEŽABRĀĻI (MZB),Rūdolfs Grahoļskis,https://ehl.entuziasti.com/komandas/mezabrali/452
MINOTAURUS (MNT),Mārtiņš Palejs,https://ehl.entuziasti.com/komandas/minotaurus/448
MĪTAVA (MTA),Kārlis Trankalis,https://ehl.entuziasti.com/komandas/mitava/177
MOLTTO PLUS (MT2),Kaspars Bogdanovics,https://ehl.entuziasti.com/komandas/moltto-plus/539
NAMEJS (NMJ),Antoņina Bļodone,https://ehl.entuziasti.com/komandas/namejs/499
OGRE SMASHERS (SMH),Roberts Mukāns,https://ehl.entuziasti.com/komandas/ogre-smashers/504
PAGĀNI (PGN),Kārlis Briedis,https://ehl.entuziasti.com/komandas/pagani/383
PANELLO (PNL),Markuss Apsītis,https://ehl.entuziasti.com/komandas/panello/540
PATRIOTI II (PT2),Ēriks Liflands,https://ehl.entuziasti.com/komandas/patrioti-ii/394
PELĒKIE KARDINĀLI (PLK),Dāvis Zukurs,https://ehl.entuziasti.com/komandas/pelekie-kardinali/475
PELĒKIE KARDINĀLI II (PK2),Dāvis Zukurs,https://ehl.entuziasti.com/komandas/pelekie-kardinali-ii/495
PELĒKIE KARDINĀLI MINI (PKM),Dāvis Zukurs,https://ehl.entuziasti.com/komandas/pelekie-kardinali-mini/531
PIEČUKI (PCK),Guntars Lazdiņš,https://ehl.entuziasti.com/komandas/piecuki/296
PIEČUKI II (PC2),Guntars Lazdiņš,https://ehl.entuziasti.com/komandas/piecuki-ii/340
PIEČUKI III (PC3),Guntars Lazdiņš,https://ehl.entuziasti.com/komandas/piecuki-iii/378
PINGVĪNI (PNG),Arnolds Seržants,https://ehl.entuziasti.com/komandas/pingvini/424
PINGVĪNI X (PNX),Arnolds Seržants,https://ehl.entuziasti.com/komandas/pingvini-x/474
PRIEDAINE (PRE),Genādijs Ivanovs,https://ehl.entuziasti.com/komandas/priedaine/370
PRIEDAINE II (PR2),Genādijs Ivanovs,https://ehl.entuziasti.com/komandas/priedaine-ii/403
PTA (PTA),Ingus Turks,https://ehl.entuziasti.com/komandas/pta/142
RADEX/ĶENGARAGS (KNG),Mārtiņš Eisaks,https://ehl.entuziasti.com/komandas/radexkengarags/268
REGRAND (RGR),Kaspars Vitkovskis,https://ehl.entuziasti.com/komandas/regrand/330
RĪGAS DINAMĪTI (RDM),Anatolijs Krūklis,https://ehl.entuziasti.com/komandas/rigas-dinamiti/544
RODRIGO ĀBOLI (RDA),Gatis Klemencis,https://ehl.entuziasti.com/komandas/rodrigo-aboli/485
ROTAS / MELIORCELTNIEKS IV (RT4),Laura Spalviņa,https://ehl.entuziasti.com/komandas/rotas-meliorceltnieks-iv/528
RSU II (RS2),Reinis Rugājs,https://ehl.entuziasti.com/komandas/rsu-ii/515
RUPUČI II (RP2),Kārlis Mucenieks,https://ehl.entuziasti.com/komandas/rupuci-ii/457
RŪRE (RUR),Jēkabs Leiškalns,https://ehl.entuziasti.com/komandas/rure/489
SPARTA II (SP2),Vasīlijs Belogubovs,https://ehl.entuziasti.com/komandas/sparta-ii/510
SPORTS LUKSS (SPL),Juris Saliņš,https://ehl.entuziasti.com/komandas/sports-lukss/520
STEEVICE (STV),Oskars Mozgirs,https://ehl.entuziasti.com/komandas/steevice/97
TAURUS (TRS),Mārtiņš Palejs,https://ehl.entuziasti.com/komandas/taurus/105
TĒRVETE BACKSHOTS (TRV),Kristers Stankevičs,https://ehl.entuziasti.com/komandas/tervete-backshots/460
TUKUMA BRĀĻI (TMB),Māris Karstais,https://ehl.entuziasti.com/komandas/tukuma-brali/371
TUKUMA BRĀĻI III (TB3),Māris Karstais,https://ehl.entuziasti.com/komandas/tukuma-brali-iii/410
TUKUMA BRĀĻI IV (TB4),Jānis Krūklis,https://ehl.entuziasti.com/komandas/tukuma-brali-iv/519
UNIMARS (UNI),Uldis Eldmanis,https://ehl.entuziasti.com/komandas/unimars/180
ŪSIŅŠ (USN),Gatis Drinķis,https://ehl.entuziasti.com/komandas/usins/277
VAIROGS II (VG2),Olegs Požilenko,https://ehl.entuziasti.com/komandas/vairogs-ii/393
VARAN (VRN),Andrejs Kļemenkovs,https://ehl.entuziasti.com/komandas/varan/404
VECTOR / HOKEJAM.LV (VCT),Kaspars Zanders,https://ehl.entuziasti.com/komandas/vector-hokejam-lv/423
VELLA KALPI II (VLK),Kaspars Burkits,https://ehl.entuziasti.com/komandas/vella-kalpi-ii/461
VELLA KALPI III (VL3),Kaspars Burkits,https://ehl.entuziasti.com/komandas/vella-kalpi-iii/518
VERVO II (VR2),Jānis Zariņš,https://ehl.entuziasti.com/komandas/vervo-ii/536
VHR THUNDER (VHR),Aivis Barkovskis,https://ehl.entuziasti.com/komandas/vhr-thunder/505
VIKINGI (VKG),Jānis Freimanis,https://ehl.entuziasti.com/komandas/vikingi/381
VIKINGI II (VN2),Elvijs Valduss,https://ehl.entuziasti.com/komandas/vikingi-ii/428
VIKINGI JR (VN4),Jānis Freimanis,https://ehl.entuziasti.com/komandas/vikingi-jr/506
VIKOTRANS ELITE (VKE),Artūrs Klimkāns,https://ehl.entuziasti.com/komandas/vikotrans-elite/427
WARRIORS (WRS),Raimonds Kokins,https://ehl.entuziasti.com/komandas/warriors/364
WOLF (WOL),Jānis Freimanis,https://ehl.entuziasti.com/komandas/wolf/372
ZEMGALES AĻŅI (ZGA),Mārtiņš Jānis Lācgalvis,https://ehl.entuziasti.com/komandas/zemgales-alni/503
ZEMGALES LEĢIONS (ZLG),Jānis Pūpols,https://ehl.entuziasti.com/komandas/zemgales-legions/543
ZEUS SNUSBOYS (ZSB),Jānis Plūme,https://ehl.entuziasti.com/komandas/zeus-snusboys/525
ZEUS SNUSBOYS II (ZS2),Jānis Plūme,https://ehl.entuziasti.com/komandas/zeus-snusboys-ii/545
